Name,Titel,Anmerkungen,Reihe,Personen,Erscheinungsort: Verlag,Erscheinungsjahr,Auflage,Verlag,Address,Description,URL_WorldCat,Inhalt,TimeStamp,fshop,isoLand,iso2Sprache,Latitude,Longitude,WorldCat_ID,WorldCat_Link
Titel. Untertitel.,Titel. Untertitel.,Anmerkungen.,Reihe ; Nummer,Nachname&comma; Vorname,Ort: Verlag,(2022),Auflage,Verlag,Ort,<b>Titel</b>. Untertitel.<br>Ort: Verlag (2022). Auflage. Beteiligte: Nachname&comma; Vorname.,<a href="http://www.worldcat.org/oclc/1" target="_blank">(OCoLC)1</a>,1. Inhalt<br>2. Inhalt<br>3. Inhalt<br>4.Inhalt.,2022,a1,DEU,ger,49.891666666667,10.891666666667,(OCoLC)1,http://www.worldcat.org/oclc/1
Titel. untertitel.,Titel. untertitel.,Anmerkungen ; Anmerkungen.,Reihe1<br>Reihe2,Nachname&comma; Vorname ; Nachname&comma; Vorname ; Nachname&comma; Vorname,Ort1&comma; Ort2: Verlag,2022,Aufl.,Verlag,Ort1&comma; Ort2,<b>Titel</b>. untertitel.<br>Ort1&comma; Ort2: Verlag 2022. Aufl. Beteiligte: Nachname&comma; Vorname ; Nachname&comma; Vorname ; Nachname&comma; Vorname.,<a href="http://www.worldcat.org/oclc/2" target="_blank">(OCoLC)2</a>,[1] Inhalt<br>[2] Inhalt<br>[3] Inhalt ; Inhalt<br>[4] Inhalt ; Inhalte<br>[5] Inhalt ; Inhalt.,2022,a2a,DEU,ger,49.891666666667,10.891666666667,(OCoLC)2,http://www.worldcat.org/oclc/2
Titel E.T.A. Untertitel.,Titel E.T.A. Untertitel.,Anmerkungen.,Reihe1 ; Nummer<br>Reihe2,Nachname&comma; Vorname ; Nachname&comma; Vorname ; Nachname&comma; Vorname ; et al.,Ort1: Verlag1; Ort2: Verlag2; Ort3: Verlag3,©2022,Ed. 1,Verlag; Verlag; Verlag,Ort1; Ort2; Ort3,<b>Titel E.T.A.</b> Untertitel.<br>Ort1: Verlag1; Ort2:Verlag2; Ort3: Verlag3 ©2022. Ed. 1. Beteiligte: Nachname&comma; Vorname ; Nachname&comma; Vorname ; Nachname&comma; Vorname ; et al.,<a href="http://www.worldcat.org/oclc/3" target="_blank">(OCoLC)3</a>,Inhalt.,2022,LM,DEU,ger,49.891666666667,10.891666666667,(OCoLC)3,http://www.worldcat.org/oclc/3
제목. Titel. 부제. Untertitel.,제목. Titel. 부제. Untertitel.,비고. Anmerkungen.,Reihe1<br>Reihe2<br>Reihe3,Nachname&comma; Vorname ; Nachname&comma; Vorname,Ort1&comma; Ort2: Verlag1; Ort3: Verlag2,[2022],Auflage,Verlag; Verlag,Ort1&comma; Ort2; Ort3,<b>제목</b>. 부제.<br>Ort1&comma; Ort2: Verlag1; Ort3: Verlag2 [2022]. Auflage. Beteiligte: Nachname&comma; Vorname ; Nachname&comma; Vorname.,<a href="http://www.worldcat.org/oclc/4" target="_blank">(OCoLC)4</a>,Inhalt ;Inhalt ;Inhalt.,2022,a2a,KOR,kor,37.2,126.76666666667,(OCoLC)4,http://www.worldcat.org/oclc/4
제목. 부제.,제목. 부제.,비고.,,Nachname&comma; Vorname,Ort1&comma; Ort2: Verlag,2021&comma; ©2019,,Verlag,Ort1&comma; Ort2,<b>제목</b>. 부제.<br>Ort1&comma; Ort2: Verlag 2021&comma; ©2019. Beteiligte: Nachname&comma; Vorname.,<a href="http://www.worldcat.org/oclc/5" target="_blank">(OCoLC)5</a>,Inhalt / Person ; Inhalt / Inhalt ; Person ; Inhalt / Person.,2021,a2a,KOR,kor,37.2,126.76666666667,(OCoLC)5,http://www.worldcat.org/oclc/5
제목. Titel.,제목. Titel.,비고. Anmerkungen.,Reihe,Nachname&comma; Vorname,Ort: Verlag; Verlag,2021,,Verlag; Verlag,Ort,<b>제목</b>.<br>Ort: Verlag; Verlag 2021. Beteiligte: Nachname&comma; Vorname.,<a href="http://www.worldcat.org/oclc/6" target="_blank">(OCoLC)6</a>,,2021,a2a,KOR,kor,37.2,126.76666666667,(OCoLC)6,http://www.worldcat.org/oclc/6
Щелкунчик и Мышиный король. Shchelkunchik i Myshinyĭ korolʹ. сказка. skazka. ,Щелкунчик и Мышиный король. Shchelkunchik i Myshinyĭ korolʹ. сказка. skazka. ,Эрнст Теодор Амадей Гофман ; перевод с немецкого И. Татариновой ; иллюстрации Роберта Ингпена. Ėrnst Teodor Amadeĭ Gofman ; perevod s nemet︠s︡kogo I. Tatarinovoĭ ; illi︠u︡strat︠s︡ii Roberta Ingpena. ,,Hoffmann&comma; E. T. A. ; Tatarinova&comma; I. S. ; Ingpen&comma; Robert,Moskva: &quot;Makhaon&quot;,2016,,&quot;Makhaon&quot;.,Moskva,<b>Щелкунчик и Мышиный король.</b> сказка.<br>Moskva: &quot;Makhaon&quot; 2016. Beteiligte: Hoffmann&comma; E. T. A. ; Tatarinova&comma; I. S. ; Ingpen&comma; Robert.,<a href="http://www.worldcat.org/oclc/962367507" target="_blank">ocn962367507</a>,,2016,NM,RUS,rus,55.755833333333,37.617777777778,ocn962367507,http://www.worldcat.org/oclc/962367507
斯居戴里小姐. Si ju dai li xiao jie. 霍夫曼中短篇小说选. Huo fu man zhong duan pian xiao shuo xuan. ,斯居戴里小姐. Si ju dai li xiao jie. 霍夫曼中短篇小说选. Huo fu man zhong duan pian xiao shuo xuan. ,(德)E. T.A. 霍夫曼著 ; 陈恕林&comma; 宁瑛等译 ; 陈恕林编选. (de)E. T.A. huo fu man zhu ; Chen shu lin&comma; Ning ying deng yi ; Chen shu lin bian xuan. ,Shi jie ming zhu ming yi wen ku : quan yi ben / liu ming jiu zhu bian.,Huofuman ; Chen&comma; Shulin ; Ning&comma; Ying,Nanchang: Jiang xi jiao yu chu ban she,2016,Di 1 ban,Jiang xi jiao yu chu ban she,Nanchang,<b>斯居戴里小姐.</b> 霍夫曼中短篇小说选.<br>Nanchang: Jiang xi jiao yu chu ban she 2016. Beteiligte: Huofuman ; Chen&comma; Shulin ; Ning&comma; Ying.,<a href="http://www.worldcat.org/oclc/994875786" target="_blank">ocn994875786</a>,,2016,a2a,CHN,chi,28.684167,115.887222,ocn994875786,http://www.worldcat.org/oclc/994875786
수고양이 무어의 인생관. E.T.A. 호프만 장편소설. ,수고양이 무어의 인생관. E.T.A. 호프만 장편소설. ,지은이: E.T.A. 호프만 ; 옮긴이: 박은경. ,,Hoffmann&comma; E. T. A.,Gyeonggi-do: 문학동네,,,문학동네,Gyeonggi-do,<b>수고양이 무어의 인생관.</b> E.T.A. 호프만 장편소설.&comma; Gyeonggi-do: 문학동네.<br>Gyeonggi-do: 문학동네. Beteiligte: Hoffmann&comma; E. T. A.,<a href="http://www.worldcat.org/oclc/1003512810" target="_blank">on1003512810</a>,,2014,a2a,KOR,kor,37.2,126.76666666667,on1003512810,http://www.worldcat.org/oclc/1003512810
Щелкунчик и другие классические сказки. Shchelkunchik i drugie klassicheskie skazki. ,Щелкунчик и другие классические сказки. Shchelkunchik i drugie klassicheskie skazki. ,иллюстрации Либико Марайя. illi︠u︡strat︠s︡ii Libiko Maraĭi︠a︡. ,Illi︠u︡strat︠s︡ii iz detstva,Maraja&comma; Libico ; Hoffmann&comma; E. T. A.,Moskva: ĖKSMO,2014,,ĖKSMO,Moskva,<b>Щелкунчик и другие классические сказки</b><br>Moskva: ĖKSMO 2014. Beteiligte: Maraja&comma; Libico ; Hoffmann&comma; E. T. A.,<a href="http://www.worldcat.org/oclc/924271498" target="_blank">ocn924271498</a>,Lebedinoe ozero<br>Spi︠a︡shchai︠a︡ Krasavit︠s︡a<br>Zhizelʹ<br>Shchelkunshik<br>Petrushka<br>Koppelii︠a︡.,2014,NM,RUS,rus,55.755833333333,37.617777777778,ocn924271498,http://www.worldcat.org/oclc/924271498
Эликсиры сатаны. Ėliksiry satany. посмертные записки брата Медарда&comma; капуцина&comma; изданные сочинителем &quot;Фантастических повестей в манере Калло&quot;. posmertnye zapiski brata Medarda&comma; kaput︠s︡ina&comma; izdannye sochinitelem &quot;Fantasticheskikh povesteĭ v manere Kallo&quot;. ,Эликсиры сатаны. Ėliksiry satany. посмертные записки брата Медарда&comma; капуцина&comma; изданные сочинителем &quot;Фантастических повестей в манере Калло&quot;. posmertnye zapiski brata Medarda&comma; kaput︠s︡ina&comma; izdannye sochinitelem &quot;Fantasticheskikh povesteĭ v manere Kallo&quot;. ,Эрнст Теодор Амадей Гофман ; [перевод с немецкого Н. Славятинского]. Ėrnst Teodor Amadeĭ Gofman ; [perevod s nemet︠s︡kogo N. Slavi︠a︡tinskogo]. ,Azbuka-klassika,Hoffmann&comma; E. T. A. ; Slavi︠a︡tinskiĭ&comma; N.,Sankt Petersburg:  Izdatelʹskai︠a︡ gruppa &quot;Azbuka-Attikus&quot;,2012,,Izdatelʹskai︠a︡ gruppa &quot;Azbuka-Attikus&quot;,Sankt Petersburg,<b>Эликсиры сатаны.</b> посмертные записки брата Медарда&comma; капуцина&comma; изданные сочинителем &quot;Фантастических повестей в манере Калло&quot;.<br>Sankt Petersburg: Izdatelʹskai︠a︡ gruppa &quot;Azbuka-Attikus&quot; 2012. Beteiligte: Hoffmann&comma; E. T. A. ; Slavi︠a︡tinskiĭ&comma; N.,<a href="http://www.worldcat.org/oclc/801417692" target="_blank">ocn801417692</a>,,2012,ET,RUS,rus,59.95,30.316666666667,ocn801417692,http://www.worldcat.org/oclc/801417692
The Sandman. ,The Sandman. ,E.T.A. Hoffmann. ,,Hoffmann&comma; E. T. A.,U.K.:  Read Books Ltd.,©2011,,Read Books Ltd..,U.K.,<b>The Sandman.</b><br>U.K.: Read Books Ltd. ©2011. Beteiligte: Hoffmann&comma; E. T. A.,<a href="http://www.worldcat.org/oclc/867650223" target="_blank">ocn867650223</a>,,2011,SM,GBR,eng,52.306944,-1.949167,ocn867650223,http://www.worldcat.org/oclc/867650223
The nutcracker and the mouse king. and&comma; the strange child. ,The nutcracker and the mouse king. and&comma; the strange child. ,E.T.A. Hoffmann ; translated by Anthea Bell. ,,Hoffmann&comma; E. T. A. ; Bell&comma; Anthea ; Hoffmann&comma; E. T. A.,London: Pushkin,2010,,Pushkin,London,<b>The nutcracker and the mouse king.</b> and&comma; the strange child.<br>London: Pushkin 2010. Beteiligte: Hoffmann&comma; E. T. A. ; Bell&comma; Anthea ; Hoffmann&comma; E. T. A.,<a href="http://www.worldcat.org/oclc/651076843" target="_blank">ocn651076843</a>,Machine generated contents note: The Nutcracker And The Mouse King<br>The Strange Child.,2010,NM,GBR,eng,51.507222222222,-0.1275,ocn651076843,http://www.worldcat.org/oclc/651076843
The Nutcracker and the Mouse King. ,The Nutcracker and the Mouse King. ,illustrations by Gail de Marcken ; story adapted by Wren Maysen. ,,Maysen&comma; Wren ; De Marcken&comma; Gail ; Hoffmann&comma; E. T. A.,New York: Orchard Books,2009,1st ed.,Orchard Books,New York,<b>The Nutcracker and the Mouse King.</b><br>New York: Orchard Books 2009. Beteiligte: Maysen&comma; Wren ; De Marcken&comma; Gail ; Hoffmann&comma; E. T. A.,<a href="http://www.worldcat.org/oclc/276930349" target="_blank">ocn276930349</a>,,2009,NM,USA,eng,40.712728,-74.006015,ocn276930349,http://www.worldcat.org/oclc/276930349
Antología del cuento universal II. ,Antología del cuento universal II. ,Selección de Julio Torri ; notas biográficas y bibliografía José Manuel Conde. ,Colección clásicos universales ; 11,Torri&comma; Julio ; Conde&comma; José Manuel ; Hawthorne&comma; Nathaniel ; et al.,México: Océano,2008,2a. ed.,Océano,México,<b>Antología del cuento universal II.</b><br>México: Océano 2008. Beteiligte: Torri&comma; Julio ; Conde&comma; José Manuel ; Hawthorne&comma; Nathaniel ; et al.,<a href="http://www.worldcat.org/oclc/556163352" target="_blank">ocn556163352</a>,El velo negro del pastor / Nathaniel Hawthorne<br>La carta robada / Edgar Allan Poe<br>Rogers / Mark Twain<br>La humillación de los Northmore / Henry James<br>La fermata / Ernst Hoffmann<br>El caballero del azor / Juan Valera<br>¡Adiós&comma; Cordera! / Leopoldo Alas (&quot;Clarín&quot;)<br>José Mathias / Eça de Queiróz<br>La verdad / Luigi Pirandello<br>El patito feo / Hans Christian Andersen<br>El obispo / Anton Pavlovich Chejov<br>Edificación de la muralla china / Frank Kafka<br>Entre santos / Joaquín María Machado de Assis<br>El potro salvaje / Horacio Quiroga.,2008,a2a,MEX,spa,19.419444444444,-99.145555555556,ocn556163352,http://www.worldcat.org/oclc/556163352
The Sandman. the elementary spirit : two mysterious tales. ,The Sandman. the elementary spirit : two mysterious tales. ,E.T.A. Hoffmann ; [translated by John Oxenford]. ,German classics,Hoffmann&comma; E. T. A. ; Oxenford&comma; John,New York: Mondial,©2008,,Mondial,New York,<b>The Sandman.</b> the elementary spirit : two mysterious tales.<br>New York: Mondial ©2008. Beteiligte: Hoffmann&comma; E. T. A. ; Oxenford&comma; John.,<a href="http://www.worldcat.org/oclc/436856758" target="_blank">ocn436856758</a>,,2008,SM,USA,eng,40.712728,-74.006015,ocn436856758,http://www.worldcat.org/oclc/436856758
胡桃鉗王子. Hu tao qian wang zi. ,胡桃鉗王子. Hu tao qian wang zi. ,霍夫曼(E.T.A. Hoffman)原著 ; 陳婉容改寫. huo fu man(E.T.A. Hoffman) yuan zhu ; chen wan rong gai xie. ,You shi dian ying guang chang ; 2,Huo&comma; Fuman ; Chen&comma; Wanrong,Tai bei shi: Tai bei shi li tu shu guan,[min 97],,Tai bei shi li tu shu guan,Tai bei shi,<b>胡桃鉗王子</b><br>Tai bei shi: Tai bei shi li tu shu guan [min 97]. Beteiligte: Huo&comma; Fuman ; Chen&comma; Wanrong.,<a href="http://www.worldcat.org/oclc/814131352" target="_blank">ocn814131352</a>,,2008,a2a,TWN,chi,25.047777777778,121.53194444444,ocn814131352,http://www.worldcat.org/oclc/814131352
悪魔の霊酒. Akuma no reishu. 上. 001. ,悪魔の霊酒. Akuma no reishu. 上. 001. ,E.T.A.ホフマン著 ; 深田甫訳. ,Chikuma bunko ; ho (2) (2),Hoffmann&comma; E. T. A. ; Fukada&comma; Hajime,Tōkyō: Chikuma Shobō,2006,,Chikuma Shobō,Tōkyō,<b>悪魔の霊酒.</b> 上.<br>Tōkyō: Chikuma Shobō 2006. Beteiligte: Hoffmann&comma; E. T. A. ; Fukada&comma; Hajime.,<a href="http://www.worldcat.org/oclc/68047913" target="_blank">ocm68047913 </a>,,2006,ET,JPN,jpn,35.689722222222,139.69222222222,ocm68047913 ,http://www.worldcat.org/oclc/68047913
胡桃鉗. Hu tao qian. ,胡桃鉗. Hu tao qian. ,霍夫曼(E.A.T. Hoffmann)著 ; 潘錫鳳改寫 ; 郭弘坤圖. huo fu man(E.A.T. Hoffmann) zhu ; pan xi feng gai xie ; guo hong kun tu. ,Qin zi gu dian yin jie ; 2,Huo fu man ; Hoffmann&comma; E. T. A. ; Pan&comma; Xifeng ; et al.,Tai bei shi: Yin yue xiang shang&comma; Ling yu zong jing xiao,2003[min 92],Er ban,Yin yue xiang shang&comma; Ling yu zong jing xiao,Tai bei shi,<b>胡桃鉗</b><br>Tai bei shi: Yin yue xiang shang&comma; Ling yu zong jing xiao 2003[min 92]. Beteiligte: Huo fu man ; Hoffmann&comma; E. T. A. ; Pan&comma; Xifeng ; et al.,<a href="http://www.worldcat.org/oclc/815368121" target="_blank">ocn815368121</a>,,2003,NM,TWN,chi,25.047777777778,121.53194444444,ocn815368121,http://www.worldcat.org/oclc/815368121
新娘的選擇. Xin niang de xuan ze. ,新娘的選擇. Xin niang de xuan ze. ,E.T.A. Hoffmann作 ; 曾夏清&comma; 夏本玉譯. E.T.A. Hoffmann zuo ; ceng xia qing&comma; xia ben yu yi. ,Bian shen zuo jia huo fu man gu shi ji ; 4,Huo fu man ; Xia&comma; Benyu ; Zeng&comma; Xiaqing,Tai bei shi: Wan xiang chu ban&comma; Wan tong fa xing,1998[min 87],Chu ban,Wan xiang chu ban&comma; Wan tong fa xing,Tai bei shi,<b>新娘的選擇</b><br>Tai bei shi: Wan xiang chu ban&comma; Wan tong fa xing 1998[min 87]. Beteiligte: Huo fu man ; Xia&comma; Benyu ; Zeng&comma; Xiaqing.,<a href="http://www.worldcat.org/oclc/813734227" target="_blank">ocn813734227</a>,,1998,a2a,TWN,chi,25.047777777778,121.53194444444,ocn813734227,http://www.worldcat.org/oclc/813734227
胡桃鉗. Hu tao qian. ,胡桃鉗. Hu tao qian. ,霍甫曼(E.T.A. Hoffmann)著 ; 文庭澍譯 ; 茨維格(Lisbeth Zwerger)圖. huo fu man(E.T.A. Hoffmann) zhu ; wen ting shu yi ; ci wei ge(Lisbeth Zwerger) tu. ,Li si bai.ci wei ge tu hua gu shi ji ; 9,Hoffmann&comma; Ernst Theoder Amadeus ; Zwerger&comma; Lisbeth ; Wentingshu ; et al.,Tai bei shi: Lian jing,min 81[1992],Chu ban,Lian jing,Tai bei shi,<b>胡桃鉗</b><br>Tai bei shi: Lian jing min 81[1992]. Beteiligte: Hoffmann&comma; Ernst Theoder Amadeus ; Zwerger&comma; Lisbeth ; Wentingshu ; et al.,<a href="http://www.worldcat.org/oclc/814191920" target="_blank">ocn814191920</a>,,1992,NM,TWN,chi,25.047777777778,121.53194444444,ocn814191920,http://www.worldcat.org/oclc/814191920
A Princesa Pirlipat. ,A Princesa Pirlipat. ,Hoffmann. ,Contos Clássicos Editora ; 27,Hoffmann&comma; E. T. A.,Porto Codex&comma; Portugal: Porto Editora,©1987,,Porto Editora,Porto Codex&comma; Portugal,<b>A Princesa Pirlipat</b>.<br>Porto Codex&comma; Portugal: Porto Editora ©1987. Beteiligte: Hoffmann&comma; E. T. A.,<a href="http://www.worldcat.org/oclc/45427049" target="_blank">ocm45427049 </a>,,1987,NM,PRT,por,41.149472222222,-8.6107777777778,ocm45427049 ,http://www.worldcat.org/oclc/45427049
모래사나이. Morae sanai. 브람빌라王女 ; 벼룩의우두머리 外. Bŭrambila wangnyŏ ; Py̆oruk ŭi udumŏri oe. ,모래사나이. Morae sanai. 브람빌라王女 ; 벼룩의우두머리 外. Bŭrambila wangnyŏ ; Py̆oruk ŭi udumŏri oe. ,호프만 ; 金正會譯. Hop'ŭman ; Kim Chŏng-hoe yŏk. ,Aejangp'an segye munhak tae chŏnjip ; 39,Hoffmann&comma; E. T. A. ; Kim Chŏng-ho ; Hoffmann&comma; E. T. A.,Sŏul: Kŭmsŏng Ch'ulp'ansa,1984,Chungp'an,Kŭmsŏng Ch'ulp'ansa,Sŏul,<b>모래사나이</b>. 브람빌라王女 ; 벼룩의우두머리 外.<br>Sŏul: Kŭmsŏng Ch'ulp'ansa 1984. Beteiligte: Hoffmann&comma; E. T. A. ; Kim Chŏng-ho ; Hoffmann&comma; E. T. A.,<a href="http://www.worldcat.org/oclc/40411794" target="_blank">ocm40411794 </a>,Mora sanai<br>Pŭrambila wangnyŏ<br>Py̆oruk ŭi udumŏr<br>K'ŭraisŭlleriana.,1984,a2a,KOR,kor,37.56,126.99,ocm40411794 ,http://www.worldcat.org/oclc/40411794
19XIX. századi német elbeszélők. ,19XIX. századi német elbeszélők. ,[vál. és a szerzők portréit írta Győrffy Miklós]. ,A világirodalom klasszikusai. Új sorozat,Györffy Miklós ; Chamisso&comma; Adelbert von ; Droste-Hülshoff&comma; Annette von ; et al.,Budapest: Európa,1983,,Európa,Budapest,<b>19XIX</b>. századi német elbeszélők.<br>Budapest: Európa 1983. Beteiligte: Györffy Miklós ; Chamisso&comma; Adelbert von ; Droste-Hülshoff&comma; Annette von ; et al.,<a href="http://www.worldcat.org/oclc/1081562245" target="_blank">on1081562245</a>,Kohlhaas Mihály (Michael Kohlhaas) / Heinrich von Kleist<br>A homokember (Der Sandmann) ; A kis Zaches&comma; akit Zinnobernek neveztek (Klein Zaches&comma; genannt Zinnober) / Ernst Theodor Amadeus Hoffmann<br>Schlemihl Péter (Peter Schlemihls wundersame Geschichte) / Adalbert von Chamisso<br>Egy mihaszna életéből (Aus dem Leben eines Taugenichts) / Joseph von Eichendorff<br>A zsidóbükk (Die Judenbuche) / Annette von Droste-Hülshoff<br>A szegény muzsikus (Der arme Spielmann)/ Franz Grillparzer<br>Mozart prágai utazása (Mozart auf der Reise nach Prag) / Eduard Mörike<br>Erdei tó (Immensee) ; Aquis submersus / Theodor Storm<br>Falusi Romeo és Júlia (Romeo und Julia auf dem Dorfe) / Gottfried Keller<br>Az asszonybíró (Die Richterin) / Conrad Ferdinand Meyer<br>Stinne / Theodor Fontane.,1983,a2a,HUN,hun,47.498333333333,19.040833333333,on1081562245,http://www.worldcat.org/oclc/1081562245
Das fremde Kind. ,Das fremde Kind. ,E. T. A. Hoffmann ; Bilder von Alexej Borutscheff. ,,Hoffmann&comma; E. T. A. ; Borutscheff&comma; Alexej,Bamberg: E. T. A. Hoffmann-Gesellschaft,1967,,E. T. A. Hoffmann-Gesellschaft,Bamberg,<b>Das fremde Kind</b>.<br>Bamberg: E. T. A. Hoffmann-Gesellschaft 1967. Beteiligte: Hoffmann&comma; E. T. A. ; Borutscheff&comma; Alexej.,<a href="http://www.worldcat.org/oclc/802672189" target="_blank">ocn802672189</a>,,1967,FK,DEU,ger,49.891666666667,10.891666666667,ocn802672189,http://www.worldcat.org/oclc/802672189
The best tales of Hoffmann. ,The best tales of Hoffmann. ,edited with an introduction by E.F. Bleiler. ,,Hoffmann&comma; E. T. A.,London: Constable,1967,,Constable,London,<b>The best tales of Hoffmann</b>.<br>London: Constable 1967. Beteiligte: Hoffmann&comma; E. T. A.,<a href="http://www.worldcat.org/oclc/30279766" target="_blank">ocm30279766 </a>,,1967,a2a,GBR,eng,51.507222222222,-0.1275,ocm30279766 ,http://www.worldcat.org/oclc/30279766
Э. Т. А. Гофман. Библиография русских переводов и критической литературы. (Составитель и автор вступительной статьи З. В. Житомирская.). ,Э. Т. А. Гофман. Библиография русских переводов и критической литературы. (Составитель и автор вступительной статьи З. В. Житомирская.). ,,,ZHITOMIRSKAYA&comma; Zinaida Viktorovna ; Hoffmann&comma; E. T. A.,[kein Erscheinungsort]: Издательство &quot;Книга&quot;,,,Издательство &quot;Книга&quot;,[kein Erscheinungsort],<b>Э. Т. А. Гофман</b>. Библиография русских переводов и критической литературы.<br>[kein Erscheinungsort]: Издательство &quot;Книга&quot;. Beteiligte: ZHITOMIRSKAYA&comma; Zinaida Viktorovna ; Hoffmann&comma; E. T. A.,<a href="http://www.worldcat.org/oclc/749097336" target="_blank">ocn749097336</a>,,1964,a2a,,rus,,,ocn749097336,http://www.worldcat.org/oclc/749097336
(Ernst Theodor A[madeus] Hoffmanns Werke). ,(Ernst Theodor A[madeus] Hoffmanns Werke). ,,Bibliothek deutscher Klassiker,Hoffmann&comma; E. T. A. ; Schneider&comma; Gerhard,Weimar: Volksverl. Weimar,1963,(1.-10. Taus.) In 3 Bden.,Volksverl. Weimar,Weimar,<b>Ernst Theodor A[madeus] Hoffmanns Werke)</b>.<br>Weimar: Volksverl. Weimar 1963. Beteiligte: Hoffmann&comma; E. T. A. ; Schneider&comma; Gerhard.,<a href="http://www.worldcat.org/oclc/249837816" target="_blank">ocn249837816</a>,,1963,a1,DEU,und,50.983333333333,11.316666666667,ocn249837816,http://www.worldcat.org/oclc/249837816
[Werke]. ,[Werke]. ,E.T.A. Hoffmann ; [herausgegeben und mit einem Nachwort versehen von Walter Müller-Seidel&comma; mit Anmerkungen von Wolfgang Kron]. ,,Hoffmann&comma; E. T. A. ; Müller-Seidel&comma; Walter,Darmstadt: Wissenschaftliche Buchgesellschaft,1961-1965,Berechtigte Sonderausg.,Wissenschaftliche Buchgesellschaft,Darmstadt,<b>[Werke]</b>.<br>Darmstadt: Wissenschaftliche Buchgesellschaft 1961-1965. Beteiligte: Hoffmann&comma; E. T. A. ; Müller-Seidel&comma; Walter.,<a href="http://www.worldcat.org/oclc/7378393" target="_blank">ocm07378393 </a>,[1] Fantasie- und Nachstücke<br>[2] Die Elixiere des Teufels ; Lebens-Ansichten des Katers Murr<br>[3] Die Serapions-Brüder<br>[4] Späte Werke<br>[5] Schriften zur Musik ; Nachlese.,1961,a2a,DEU,ger,49.866666666667,8.65,ocm07378393 ,http://www.worldcat.org/oclc/7378393
[Sämtliche Werke in 6 Bänden]. ,[Sämtliche Werke in 6 Bänden]. ,E.T.A. Hoffmann. ,Winkler-Weltliteratur. Dünndruck-Ausgabe,Hoffmann&comma; E. T. A.,München: Winkler,1960-1981,,Winkler,München,<b>[Sämtliche Werke in 6 Bänden]</b>.<br>München: Winkler 1960-1981. Beteiligte: Hoffmann&comma; E. T. A.,<a href="http://www.worldcat.org/oclc/785752343" target="_blank">ocn785752343</a>,[Bd. 1] Fantasie- und Nachtstücke Fantasiestücke in Callots Manier ; Nachtstücke ; Seltsame Leiden eines Theater-Direktors.<br>[Bd. 2] Die Elixiere des Teufels ; Lebens-Ansichten des Katers Murr.<br>[Bd. 3] Die Serapions-Brüder.<br>[Bd. 4] Späte Werke.<br>[Bd. 5] Schriften zur Musik.<br>[Bd. 6] Nachlese ; Dichtungen&comma; Schriften&comma; Aufzeichnungen und Fragmente.,1960,a1,DEU,ger,48.1375,11.575,ocn785752343,http://www.worldcat.org/oclc/785752343
[Werke in 5 Bänden]. ,[Werke in 5 Bänden]. ,E.T.A. Hoffmann ; nach dem Text der Erstausgaben unter Heranziehung der Ausgaben v. Carl Georg von Maassen u. Georg Ellinger ; mit den Ill. v. Theodor Hosemann ; mit mehrere z. T. kolorierten Zeichnungen v. Hoffmann u. anderen Abb. ,Dünndruck-Bibliothek der Weltliteratur,Hoffmann&comma; E. T. A. ; Maassen&comma; Georg von ; Ellinger&comma; Georg ; et al.,München: Winkler,1960-1969,,Winkler,München,<b>[Werke in 5 Bänden]</b>.<br>München: Winkler 1960-1969. Beteiligte: Hoffmann&comma; E. T. A. ; Maassen&comma; Georg von ; Ellinger&comma; Georg ; et al.,<a href="http://www.worldcat.org/oclc/604699992" target="_blank">ocn604699992</a>,[Bd. 1] Fantasie- und Nachtstücke Fantasiestücke in Callots Manier ; Nachtstücke ; Seltsame Leiden eines Theater-Direktors / Nachwort v. Walter Müller-Seidel ; Anm. v. Wolfgang Kron.<br>[Bd. 2] Die Elixiere des Teufels ; Lebens-Ansichten des Katers Murr / Nachwort v. Walter Müller-Seidel ; Anm. v. Wolfgang Kron.<br>[Bd. 3] Die Serapions-Brüder / Nachwort v. Walter Müller-Seidel ; Anm. v. Wulf Segebrecht.<br>[Bd. 4] Späte Werke / Nachwort v. Walter Müller-Seidel ; Anm. v. Wulf Segebrecht.<br>[Bd. 5] Schriften zur Musik ; Nachlese / Nachwort u. Anm. v. Friedrich Schnapp.,1960,a1,DEU,ger,48.1375,11.575,ocn604699992,http://www.worldcat.org/oclc/604699992
Contes d'Hoffmann. Vol. 1 ; Fantaisies à la manière de Callot ; Contes nocturnes. ,Contes d'Hoffmann. Vol. 1 ; Fantaisies à la manière de Callot ; Contes nocturnes. ,[première éd. integrale ill. des dess. d'E.T.A. Hoffmann ; réalisée sous la dir. de Albert Béguin ; trad. de Henri Egmont ... et al.]. ,Livres de toujours ; 22,Hoffmann&comma; E. T. A. ; Béguin&comma; Albert ; Egmont&comma; Henri,Paris: Club des libraires de France,1956,,Club des libraires de France,Paris,<b>Contes d'Hoffmann</b>. Vol. 1 ; Fantaisies à la manière de Callot ; Contes nocturnes.<br>Paris: Club des libraires de France 1956. Beteiligte: Hoffmann&comma; E. T. A. ; Béguin&comma; Albert ; Egmont&comma; Henri.,<a href="http://www.worldcat.org/oclc/769160120" target="_blank">ocn769160120</a>,,1956,a2a,FRA,fre,48.856944444444,2.3513888888889,ocn769160120,http://www.worldcat.org/oclc/769160120
怖ろしき告白. Osoro shiki kokuhaku. DasFrauleinvonScuderi. DAS FRAULEIN VON SCUDERI. ,怖ろしき告白. Osoro shiki kokuhaku. DasFrauleinvonScuderi. DAS FRAULEIN VON SCUDERI. ,ホフマン [著]&comma; 角信雄訳. ,Meisaku sensho ; 13,Hoffmann&comma; E. T. A. ; Sumi&comma; Nobuo,Tōkyō: Sōjusha,1948,,Sōjusha,Tōkyō,<b>怖ろしき告白</b>.<br>Tōkyō: Sōjusha 1948. Beteiligte: Hoffmann&comma; E. T. A. ; Sumi&comma; Nobuo.,<a href="http://www.worldcat.org/oclc/47566771" target="_blank">ocm47566771 </a>,,1948,FS,JPN,jpn,35.689722222222,139.69222222222,ocm47566771 ,http://www.worldcat.org/oclc/47566771
Das Fräulein von Scuderi. ,Das Fräulein von Scuderi. ,E. Th. A. Hoffmann. ,Reclams Universal-Bibliothek 25,Hoffmann&comma; E. T. A.,Leipzig: empty,1944,,empty,Leipzig,<b>Das Fräulein von Scuderi</b>.<br>Leipzig: empty 1944. Beteiligte: Hoffmann&comma; E. T. A.,<a href="http://www.worldcat.org/oclc/1068468027" target="_blank">on1068468027</a>,,1944,FS,DEU,ger,51.34,12.375,on1068468027,http://www.worldcat.org/oclc/1068468027
Das fremde Kind. ,Das fremde Kind. ,E.T.A. Hoffmann. Bearb. v. Eugenie Hoffmann. ,Konegens Kinderbücher ; 18/19,Hoffmann&comma; E. T. A.,Leipzig&comma; Wien: Konegen,1919&comma; [1919],16.-25. Tsd.,Konegen,Leipzig&comma; Wien,<b>Das fremde Kind</b>.<br>Leipzig&comma; Wien: Konegen 1919&comma; [1919]. Beteiligte: Hoffmann&comma; E. T. A.,<a href="http://www.worldcat.org/oclc/72546837" target="_blank">ocm72546837 </a>,,1919,FK,DEU,ger,51.34,12.375,ocm72546837 ,http://www.worldcat.org/oclc/72546837
10-Øres Bibliotek. Nr. 1-7. ,10-Øres Bibliotek. Nr. 1-7. ,,,Hoffmann&comma; E. T. A. ; Rasmussen&comma; Holger ; Zola&comma; Emile ; et al.,Kjøbenhavn: empty,1912,,empty.,Kjøbenhavn,<b>10-Øres Bibliotek</b>. Nr. 1-7.<br>Kjøbenhavn: empty 1912. Beteiligte: Hoffmann&comma; E. T. A. ; Rasmussen&comma; Holger ; Zola&comma; Emile ; et al.,<a href="http://www.worldcat.org/oclc/467883392" target="_blank">ocn467883392</a>,,1912,SVAut,DNK,dan,55.676111111111,12.568888888889,ocn467883392,http://www.worldcat.org/oclc/467883392
Werke. 6./8. ; Die Serapionsbrüder : [Bd. 3-4] ; in 15 Teilen. ,Werke. 6./8. ; Die Serapionsbrüder : [Bd. 3-4] ; in 15 Teilen. ,auf Grund d. Hempelschen Ausg. neu hrsg.&comma; mit Einl. u. Anm. vers. von Georg Ellinger. ,Goldene Klassiker-Bibliothek,Hoffmann&comma; E. T. A. ; Ellinger&comma; Georg,Berlin: Bong,[1912],,Bong,Berlin,<b>Werke</b>. 6./8. ; Die Serapionsbrüder : [Bd. 3-4] ; in 15 Teilen.<br>Berlin: Bong [1912]. Beteiligte: Hoffmann&comma; E. T. A. ; Ellinger&comma; Georg.,<a href="http://www.worldcat.org/oclc/918016481" target="_blank">ocn918016481</a>,,1912,a1,DEU,ger,52.516666666667,13.383333333333,ocn918016481,http://www.worldcat.org/oclc/918016481
&quot;Das Sanctus&quot; und &quot;Die Brautwahl&quot;. d. Univ. Berlin zu ihrem 100jährigen Stiftungsfeste dargebr. vom Verein für d. Geschichte Berlins. ,&quot;Das Sanctus&quot; und &quot;Die Brautwahl&quot;. d. Univ. Berlin zu ihrem 100jährigen Stiftungsfeste dargebr. vom Verein für d. Geschichte Berlins. ,von E.T.A. Hoffmann. Einl. von Friedrich Holtze. Texte von Hans v. Müller. ,Schriften des Vereins für die Geschichte Berlins ; 43,Hoffmann&comma; E. T. A. ; Holtze&comma; Friedrich ; Müller&comma; Hans von,Berlin: Verl. d. Vereins für d. Geschichte Berlins,1910,,Verl. d. Vereins für d. Geschichte Berlins,Berlin,<b>&quot;Das Sanctus&quot; und &quot;Die Brautwahl&quot;</b>. d. Univ. Berlin zu ihrem 100jährigen Stiftungsfeste dargebr. vom Verein für d. Geschichte Berlins.<br>Berlin: Verl. d. Vereins für d. Geschichte Berlins 1910. Beteiligte: Hoffmann&comma; E. T. A. ; Holtze&comma; Friedrich ; Müller&comma; Hans von.,<a href="http://www.worldcat.org/oclc/246878868" target="_blank">ocn246878868</a>,,1910,a2a,DEU,ger,52.516666666667,13.383333333333,ocn246878868,http://www.worldcat.org/oclc/246878868
Sämtliche Werke in 15 Bänden. 1 ; Biographische Einleitung : Fantasiestücke in Callot's Manier. ,Sämtliche Werke in 15 Bänden. 1 ; Biographische Einleitung : Fantasiestücke in Callot's Manier. ,hrsg. mit e. biogr. Einl. von Eduard Grisebach. ,,Hoffmann&comma; E. T. A. ; Grisebach&comma; Eduard,Leipzig: Hesse,1900,,Hesse,Leipzig,<b>Sämtliche Werke in 15 Bänden</b>. 1 ; Biographische Einleitung : Fantasiestücke in Callot's Manier.<br>Leipzig: Hesse 1900. Beteiligte: Hoffmann&comma; E. T. A. ; Grisebach&comma; Eduard.,<a href="http://www.worldcat.org/oclc/1070767398" target="_blank">on1070767398</a>,,1900,a1,DEU,und,51.34,12.375,on1070767398,http://www.worldcat.org/oclc/1070767398
Sämtliche Werke in 15 Bänden. 2 ; Die Elixiere des Teufels. ,Sämtliche Werke in 15 Bänden. 2 ; Die Elixiere des Teufels. ,hrsg. mit e. biogr. Einl. von Eduard Grisebach. ,,Hoffmann&comma; E. T. A. ; Grisebach&comma; Eduard,Leipzig: Hesse,1900,,Hesse,Leipzig,<b>Sämtliche Werke in 15 Bänden</b>. 2 ; Die Elixiere des Teufels.<br>Leipzig: Hesse 1900. Beteiligte: Hoffmann&comma; E. T. A. ; Grisebach&comma; Eduard.,<a href="http://www.worldcat.org/oclc/1046365316" target="_blank">on1046365316</a>,,1900,a1,DEU,und,51.34,12.375,on1046365316,http://www.worldcat.org/oclc/1046365316
Sämtliche Werke in 15 Bänden. 3 ; Nachtstücke. ,Sämtliche Werke in 15 Bänden. 3 ; Nachtstücke. ,hrsg. mit e. biogr. Einl. von Eduard Grisebach. ,,Hoffmann&comma; E. T. A. ; Grisebach&comma; Eduard,Leipzig: Hesse,1900,,Hesse,Leipzig,<b>Sämtliche Werke in 15 Bänden</b>. 3 ; Nachtstücke.<br>Leipzig: Hesse 1900. Beteiligte: Hoffmann&comma; E. T. A. ; Grisebach&comma; Eduard.,<a href="http://www.worldcat.org/oclc/1068409569" target="_blank">on1068409569</a>,,1900,a1,DEU,und,51.34,12.375,on1068409569,http://www.worldcat.org/oclc/1068409569
Sämtliche Werke in 15 Bänden. 4 ; Seltsame Leiden eines Theater-Direktors. ,Sämtliche Werke in 15 Bänden. 4 ; Seltsame Leiden eines Theater-Direktors. ,hrsg. mit e. biogr. Einl. von Eduard Grisebach. ,,Hoffmann&comma; E. T. A. ; Grisebach&comma; Eduard,Leipzig: Hesse,1900,,Hesse,Leipzig,<b>Sämtliche Werke in 15 Bänden</b>. 4 ; Seltsame Leiden eines Theater-Direktors.<br>Leipzig: Hesse 1900. Beteiligte: Hoffmann&comma; E. T. A. ; Grisebach&comma; Eduard.,<a href="http://www.worldcat.org/oclc/1073006096" target="_blank">on1073006096</a>,,1900,a1,DEU,und,51.34,12.375,on1073006096,http://www.worldcat.org/oclc/1073006096
Anthologie aus den sämmtlichen Schriften. Bd. 2. ,Anthologie aus den sämmtlichen Schriften. Bd. 2. ,von E.T.A. Hoffmann. ,... ; Bd. 12 Deutsche Cabinets-Encyklopädie oder Genius der besten neuern deutschen Dichter und Prosaiker ; Bd. 12,Hoffmann&comma; E. T. A.,Hildburghausen: Verl. vom Bibliograph. Inst.,(1831),,Verl. vom Bibliograph. Inst.,Hildburghausen,<b>Anthologie aus den sämmtlichen Schriften</b>. Bd. 2.<br>Hildburghausen: Verl. vom Bibliograph. Inst. (1831). Beteiligte: Hoffmann&comma; E. T. A.,<a href="http://www.worldcat.org/oclc/174012291" target="_blank">ocn174012291</a>,,1831,a2a,DEU,ger,50.426111111111,10.728888888889,ocn174012291,http://www.worldcat.org/oclc/174012291
Uitgelezene verhalen. ,Uitgelezene verhalen. ,E.T.W. Hoffmann ; naar het Hoogduitsch door D. Bomhoff Hzoon. ,,Hoffmann&comma; E. T. A. ; Bomhoff&comma; Derk,Leiden: J.C. Cijfveer,1830,,J.C. Cijfveer,Leiden,<b>Uitgelezene verhalen</b>.<br>Leiden: J.C. Cijfveer 1830. Beteiligte: Hoffmann&comma; E. T. A. ; Bomhoff&comma; Derk.,<a href="http://www.worldcat.org/oclc/63943811" target="_blank">ocm63943811 </a>,,1830,a2a,NLD,dut,52.15833,4.49306,ocm63943811 ,http://www.worldcat.org/oclc/63943811
Auserlesene Erzählungen&comma; Novellen&comma; Mährchen und Phantasiestücke. 5 ; Das Fräulein von Scuderi. ,Auserlesene Erzählungen&comma; Novellen&comma; Mährchen und Phantasiestücke. 5 ; Das Fräulein von Scuderi. ,Ernst Theodor Amadeus Hoffmann. ,,Hoffmann&comma; E. T. A.,Wien: Sollinger,1825,,Sollinger,Wien,<b>Auserlesene Erzählungen&comma; Novellen&comma; Mährchen und Phantasiestücke</b>. 5 ; Das Fräulein von Scuderi.<br>Wien: Sollinger 1825. Beteiligte: Hoffmann&comma; E. T. A.,<a href="http://www.worldcat.org/oclc/1072752830" target="_blank">on1072752830</a>,,1825,a2a,AUT,ger,48.208333333333336,16.3725,on1072752830,http://www.worldcat.org/oclc/1072752830
